Link,Name,Volume,Image
https://dappradar.com/nft-collection/based-punks-1,based punks,$528.18k,https://lh3.googleusercontent.com/Q0WeGy-DOK2kSbeuNaqqmB5cs6NwonZMfYsg1tUtxcGhzBFDSJ7JzboWhNqY9W7O2S03N_ov-Vh3hsuVhjXzwsiUIg5vWRBJZA
https://dappradar.com/nft-collection/onchain-gaias-1,onchain gaias,$468.72k,https://lh3.googleusercontent.com/ELbBtXJhcE6c4Ik9NdCargAavJDv6f2OKFupmBJe8I5fcsqYpnN33pEArjWOpIIQvTsLy2ZKDR97puyoUjZAyt-MejVcMFBLIG0
https://dappradar.com/nft-collection/metawin-tokenized-cybertruck,Metawin Tokenized Cybertruck,$120.19k,https://lh3.googleusercontent.com/XQJKpHFw_1pbr64kNOPZ2n8yPV2kIEvJNkxOw_SutTpoR_debHPWnsZ1Th4DW8saaLYVNLQ1673Cyd3YS5Gwx2CUeBSbfbnM5RQ
https://dappradar.com/nft-collection/swatches-by-jvmi,swatches by jvmi,$90.66k,https://lh3.googleusercontent.com/LLOpMxMJrRZ9Blg88qc7qyXyYShTgB_UiYcnmBkK2e-CRTB9_H1ajO05VYvFYZkK896YhmZRP_UZypIyTSy3uaIdzdNOrhbV2A
https://dappradar.com/nft-collection/based-ape-gang,Based Ape Gang,$75.14k,https://lh3.googleusercontent.com/XEBWcC1wMuI4V-no7Wna5iUtugEEaAxEPtGZ4o4_afv4e3OIVqUIkbc-el88-xzGPqbtOrA5r_nSor3MhXDtOjy3UFkSSDaCGg
https://dappradar.com/nft-collection/magicbooks,MagicBooks,$70.1k,https://lh3.googleusercontent.com/_-1qqBVhK4HicIKl4h1tCGyvLbmV_7dpoWM8cEEOyESXOpNT4x2TyrWm7Uhc8xzxkNRWfFeK_1ewCzucsLpjFIGsjn6rhObCvrI
https://dappradar.com/nft-collection/dryads,Dryads,$70.09k,https://lh3.googleusercontent.com/SmHqwBG51EM9gxDKeBT4FSk406IvYwZwDugqAmBtXVw_0Ay7wPChBiVlwA9DwSHJUxKuC59v6xeaKuL47NtzqdiRveN5aBzjF1E
https://dappradar.com/nft-collection/common-wealth-genesis-nft-series-1-1,Common Wealth Genesis NFT Series 1,$67.22k,https://lh3.googleusercontent.com/vjM6NIfuLBS01I8XBBFWrZOFWGaj-uzpNU-H50jT5uAZpToW3h3mAmIJkA934se4GX7djVLM7_lE8ieN7vpC8bqLmr5SISru2KP2
https://dappradar.com/nft-collection/get-based-based-summer-poster,"Get Based ""Based Summer"" Poster",$57.13k,https://lh3.googleusercontent.com/wOMkxvnooICD0nLcihr3Z1vkHhxQTvj15Dail3uHsuO1SYTvcy5tKS3nYbmrGU45fVzfqXR8pF_5Yks0TlMQ3eYGoDB7xCYccfg
https://dappradar.com/nft-collection/mochimons,Mochimons,$56.17k,https://lh3.googleusercontent.com/2GFnqAPRzzZNZFRbV-Z4EltkBXPKGnGwlHa1I4rQp-mSJspND6ZFKdd2IVklkBxXQnbJdtj2wWNTaErTDbNnScdKKLKYzW5_6bxA
https://dappradar.com/nft-collection/calamity-artifacts,Calamity: Artifacts,$53.04k,https://lh3.googleusercontent.com/_13PEPb5LswCo83ZQRY32eCo0oRoF39pNOe64vXF1GU3Hdj48T9VjgnjeXPDqlf3jcE9QBUYmE1WrzKLe-0seoL_fzeeR6y99jE
https://dappradar.com/nft-collection/based-fellas,Based Fellas,$52.45k,https://lh3.googleusercontent.com/jlCYLe6QiJDLRdS-tjbQJzrKWlJxk7InhwLg97LV_eAa0cEUv3DhfUVwaXc_Ok0_6sWjJ9jo_gF0zxa6mGc2mY6gG7f-0owJxw
https://dappradar.com/nft-collection/veecon-2024-tickets,VeeCon 2024 Tickets,$47.5k,https://lh3.googleusercontent.com/N7CyEtjF-XJrJ1SwypET5pZU1KsTdSXMpFTAS-WgyQ5GlbBHJ1eJT3w2aROk1JQR55Bjqm4qMGoGjQfWplSgvIDljyt52rAFTw
https://dappradar.com/nft-collection/remy-boys,Remy Boys,$43.65k,https://lh3.googleusercontent.com/D9ZXUluakD2Qp0YTQMo-cDgQ9RrGcLCKfxSQI6WlbPFLIqdTCAXMSbHkOqa0uDlJPJXCOYMIzQJ-o2ASuF6NNAJblwKKKNNYSeAA
https://dappradar.com/nft-collection/bomefers-1,Bomefers,$39.76k,https://lh3.googleusercontent.com/SyvHr2asX4FFaOm8nnpNr3z8Rr-gwAHm8USlcgPg35VSx2-pzMTAIYFDaTDBdTAvAqOUvNNH1aifaRKEFg811iOMs3B0EhVJKbA
https://dappradar.com/nft-collection/neo-squiggles,Neo Squiggles,$38.41k,https://lh3.googleusercontent.com/QDD2lYazmsnDx9i7itqhw4t8RQmBb_2JwdVoAHpoRAdSlbz8Gaca8F4coxMdfnCzQfQfNhEZcnYkNeVnOV1vEMS3BsQsssSE3C0
https://dappradar.com/nft-collection/basepaint-1,BasePaint,$36.4k,https://nft-metaservice.dappradar.com/api/media/sales/chain/base/contract/0xba5e05cb26b78eda3a2f8e3b3814726305dcac83?isThumbnail=0
https://dappradar.com/nft-collection/the-album,The Album,$35.91k,https://lh3.googleusercontent.com/9bqIqs1reZVUvNheMvcACjtSlXwYpAW-UBNmN4r9iSETXdekw4rLYpQubafuoqcRlrrD9zbDXFYlk1FMWMvvfx_Bu9kUBu_dPg
https://dappradar.com/nft-collection/parallel-planetfall-base,Parallel Planetfall [Base],$34.61k,https://nft-metaservice.dappradar.com/api/media/sales/chain/base/contract/0x8bb4033af06b363a8391f795a39281bcc3b6197d?isThumbnail=1
https://dappradar.com/nft-collection/farworld-farmon,FARWORLD // Farmon,$33.69k,https://lh3.googleusercontent.com/rl56IuPvwBweAclG3LFae-8aXNOz0RP8v9l8Tq7jZrRzeVHEmCWR_VqFndz2ybQYsQ8A1J9dFvfIT5CSGsqE3fXVLT8uewNNf1E
https://dappradar.com/nft-collection/primitives,Primitives,$33.47k,https://lh3.googleusercontent.com/jE0bB8jOru5P0NkxjC6MGcv0rKLIjZS6786fZVOF-bmHcmMsQE55fayw8AQYOdwjkeJs0YAhL5VjI69v54UnjZGD1g7zSs5yjgx2
https://dappradar.com/nft-collection/normilady-1,Normilady,$31.84k,https://lh3.googleusercontent.com/JlxrhRN8sLTB8Uo2EbC5J89cG7JvcEJ_Ok39bhQfdsayTOYppoT3hD1mL5Yc3laWaqLSFkIiOOsvIutcHFRAMT_XiAksPocATw
https://dappradar.com/nft-collection/bored-ape-base-club-1,Bored Ape Base Club,$29.1k,https://lh3.googleusercontent.com/5vrS6IdiTh94Wc2svY6f-AP98huUUw2NsmcO8wK8-FZG2OmDeb-EH_DLBAequB_eZ1zP6wticS4kziNrxUkT1mUXx7fCXcrlTIU
https://dappradar.com/nft-collection/normilio,Normilio,$24.17k,https://lh3.googleusercontent.com/Brk35z7VzlIOIYeG78jwfad8mf7zdh7s4YVjyRL6SomBYP7wVJQUocDIx0wk0qVlX3MmX4UqyXf62uy6PY_EhJkl30Z1Vq1Afg
https://dappradar.com/nft-collection/fruggerz,fruggerz,$23.96k,https://lh3.googleusercontent.com/sZGj9ixp8QlpsMD7E2P4n382qbLm965ttqLgTKNxzcpc4OIw1UbuY07KRNXv_l_br_fX9YRKdAKqTrHUfC_oUDmsv5IMhnLg1A
https://dappradar.com/nft-collection/priceless-fund-slice,Priceless Fund 'Slice',$22.56k,https://lh3.googleusercontent.com/nJcr-SivPSGbgP40sWJyTqjzIhXW-XglDdfoLNq71cvtwuNfz44Y2fE-lB-e7fqate8ADdTNOVfPIzYwiwBLrHlUyjJWprAfnqU
https://dappradar.com/nft-collection/genesis-master-pass,Genesis Master Pass,$22.54k,https://lh3.googleusercontent.com/sv8rs3ZBHBtnc2JSl7udG7z9fFU7g9RJkNBzcqHTi7eBSSuXq5f2ouxOtX3HbdDmw1jF4Osnfs3eY1PYOQcDB71hUs4azkzYQR0
https://dappradar.com/nft-collection/degens-by-doy,Degens by doy,$22.06k,https://lh3.googleusercontent.com/wxUhaPW2B7Gk7eSPYyw0g4rlPggs7cMdKvu9aseH7lpAqAi2jvbXBe564IWqzrHOnqVSzJc7uzPj86CbdWA1U8HVe_4Nu0UGW_s
https://dappradar.com/nft-collection/pokpok-genesis-flock,Pokpok Genesis Flock,$20.67k,https://lh3.googleusercontent.com/Q4mfvZM1bZhStTcYAB5MKHtNqjrnQLOv6_dcybro4pH6swqF-yzvOwbB_lx2_orssJ5DnbMSMQrucDLqXP7wBbIFoHFnk-VhHg3W
https://dappradar.com/nft-collection/nftoshis,NFToshis,$20.66k,https://nft-metaservice.dappradar.com/api/media/sales/chain/base/contract/0xbdb1a8772409a0c5eeb347060cbf4b41dd7b2c62?isThumbnail=0
https://dappradar.com/nft-collection/tiny-based-frogs,tiny based frogs,$20.46k,https://nft-metaservice.dappradar.com/api/media/sales/chain/base/contract/0xf0d0df7142f60f7f3847463a509fd8969e3e3a27?isThumbnail=0
https://dappradar.com/nft-collection/base-onchain-punks,Base OnChain Punks,$20.29k,https://lh3.googleusercontent.com/N8m9HYQhgunNmHBtII4VYmJi-CPBOyC9PhypygBAu72z_f91EkcSXJXNIRuoXPUjnJXt41L89_HvDhe4wxpqUDfjBDFpnVvlcdE
https://dappradar.com/nft-collection/smallbrosnft-1,SmallBrosNFT,$20.1k,https://lh3.googleusercontent.com/XHdNCHCmD-rs4cRP1tCp7m28jv635hEYiq3KmzCDMv3ng31C275kY9eL2ns5yfLoVHMuxCYMxK2gqNw2UedmODLfaYBjo1Oq0rBi
https://dappradar.com/nft-collection/punkapepen,PunkApepen,$20.05k,https://lh3.googleusercontent.com/RdiGTozh_glid6jIh5NiGoy_whOshVAgDZvvbUlPH9gge8U49nTZ0HfwIRA4MxSGDfJeKMRO87hySJhA5Pcno1uCfZT3OjzywHI9
https://dappradar.com/nft-collection/onchain-pills-1,Onchain Pills,$19.68k,https://lh3.googleusercontent.com/WHMvadoNPY4IpH_PZzjsvLmwu1MNvE8SgD7r_KSImgvy-nR9JL62YRjua3PW8vvM00Ju8G3s8b-DT1nLKwT6IKazqkB_V5PxsrA
https://dappradar.com/nft-collection/farworld,FARWORLD,$18.93k,https://lh3.googleusercontent.com/rDcOKuXwDGUK2qAmzQuiv8B9eoZdcYJJ5XabHVZs65xeFnG3Sh_BCMnE91JohPrFAXClgH44vFTreaWq1rFG-a6eySzutouKWZ4
https://dappradar.com/nft-collection/degen-haberdashers,Degen Haberdashers,$17.72k,https://lh3.googleusercontent.com/BOH6pnjqVlNmQMwlvOgLRDv-7eQ8RZurCXHqMOKhMABrslDjPUXdJ1LYCs5o6h3c6jzfV-J8MRQ42sYMykCa0x_tPSm6v-ZNJ4c
https://dappradar.com/nft-collection/zielchain,ZIELCHAIN,$17.45k,https://lh3.googleusercontent.com/DkWIspgSiCu7KbAQMGodYeyS74tFzYoCRuJaP3Me4o-2OXUT7_aWQb-Ly77tmP_VwEEEWPlguFPqN4IxWNLs16PS0-QI5taqq3s
https://dappradar.com/nft-collection/degentlemen,Degentlemen,$17.27k,https://lh3.googleusercontent.com/k95q83d0q5dtTd4pHUB5j8oK31j5kfMNadmoYyZlJ3cTVct2JizCwVNelvri_d7xwleXXz1VujmiK468GEAEKHUQIMuabokqQmM
https://dappradar.com/nft-collection/oviators,Oviators,$17.06k,https://lh3.googleusercontent.com/loEYX168sbe8LB-7gtk43xTSZWAuHpEkVHJznMasxf9eMNPgXJkPXfz0wuzRwSz0PydUgrYaOfO0sc3LW4PDoebT31BT6I02GdU
https://dappradar.com/nft-collection/higher-swatches,higher swatches,$17.03k,https://lh3.googleusercontent.com/0Lu9wdbEruZC50TG4_a1uvWff_F1uG7hfnv3P_OKfi_BezQbJdHM2b99qWYIHLTZM21VkZKo3wMC_MtDIDUDa-V9Ndbn2NgD2w
https://dappradar.com/nft-collection/the-based-lp,The Based LP,$16.59k,https://lh3.googleusercontent.com/7wt1KVNxLDCwQREECRFojW8UYOgQacsPadIojhdovctIJd6fXtaQWODAdBKXYhGhJ9crupw4QeyrrklNXKASB8EN4Q2rwVsYKA
https://dappradar.com/nft-collection/mystcl-1,MYSTCL,$15.58k,https://lh3.googleusercontent.com/gPqEdbgn7d0eur5kB9BBdqdCUdTpVbH-xRvYsemfuXTJSqZtk3UrngYgDnN_02NgRro-mG7ydn5B2pScMWjrtPyBYMG7JpPyjQ
https://dappradar.com/nft-collection/based-apes,Based Apes,$15.34k,https://lh3.googleusercontent.com/kYUdPHLoHcrdlfILuYGw0cZURYXMJ1DsRVsncjzQ0MjT2mKS3BO65h6p_zTFpY6XeAslHedHzCCvFCmrHljCwXAlyb4rm-y2HKk
https://dappradar.com/nft-collection/chompions,Chompions,$14.72k,https://lh3.googleusercontent.com/UnsExZ1kc4DHHvdwSLASmTbVZDbi72Jl0jYEndBHi64ugs6Cu2FEnVmSv4wdtvHJPeLZtkiAPew0lXsjfh1ZbJZ90KI-89MC2tXX
https://dappradar.com/nft-collection/parallel-alpha-base,Parallel Alpha [Base],$14.49k,https://nft-metaservice.dappradar.com/api/media/sales/chain/base/contract/0x206571b68c66e1d112b74d65695043ad2b5f95d5?isThumbnail=0
https://dappradar.com/nft-collection/ethxy-base-power-gem,EthXY Base Power Gem,$14.31k,https://nft-metaservice.dappradar.com/api/media/sales/chain/base/contract/0x72b188d638ef3deb4f2b7fc13d82ff3ec07fa07b?isThumbnail=1
https://dappradar.com/nft-collection/base-gods,Base Gods,$14.15k,https://nft-metaservice.dappradar.com/api/media/sales/chain/base/contract/0x2d53d0545cd1275b69040e3c50587e2cc4443a52?isThumbnail=1
https://dappradar.com/nft-collection/venft,veNFT,$14.04k,https://lh3.googleusercontent.com/B46lLEV6E6Wf0hJLdVQ6rYfHThjLniOIF8kgyTy9rDI9a1IZipqSRiAV-o8Cha_UiRgRIltk5lPwO482i9dVDzJumSSB9gt0wA
https://dappradar.com/nft-collection/superfrens-1,SuperFrens,$13.41k,https://lh3.googleusercontent.com/-N0xcDxYZrQ-SdtlCVFOeyahRAqb8HjZuiPESOUTC6sspSRjWlXoncc3Vzq-Zaj8TGYI6jjw0Dz7Wfo-VAnctXnr3y8vtvO-LXDp
https://dappradar.com/nft-collection/lingo-degens-club,Lingo Degens Club,$925.57,https://lh3.googleusercontent.com/UmurVm0hYzaLiBtRCVKSVDLAUerwYpc81KkHy5X25cPht-VnJdxbpTa-WYopMMTLZsfQFipbPZTQZGfVuQBRCpw5p-__PBuDJd8
https://dappradar.com/nft-collection/soulminter,SoulMinter,$920.73,https://lh3.googleusercontent.com/7sNLswh-hDeKPS9fcpbkVyUggQqLLxWMe6D405jhSQDGg3Ux4DAEgoVtLZIpy8fWg_DLSh3XEzZV5gVyg8dLFLTUOjDNRDVCHjU
https://dappradar.com/nft-collection/build-this-summer,Build This Summer,$895.41,https://lh3.googleusercontent.com/tVrcGkKHHJZ9E0SSwjw9dpxTJxNHOnoT5FgGTTzcuNgLUdHHBRgsfipiZ9XWt1PXaOVeFAROny30m4dsia1S_KPNuHamMfWTf3E
https://dappradar.com/nft-collection/based-beanz-official,Based BEANZ Official,$892.02,https://lh3.googleusercontent.com/iYdO3jeBNbxXMObkIq8uwEw4jrZK9OXImADhYuzpy9Mga8UDfu0G8Ltp1b6nJ_etZfO2lwPAe-GTM-nJJozLxIm9rzA2Zp2kulc
https://dappradar.com/nft-collection/optimists,Optimists,$872.99,https://lh3.googleusercontent.com/HB0o20sCxtD5jM4RvTly1RiozcG2KI_W2FS1BA_-STak5Ko58dOkZHgn6AoTHR1A6t99Ypw59BQLgInVSJo5vXiIiJ94MhH_tQ
https://dappradar.com/nft-collection/base-brigade,Base Brigade,$861.36,https://lh3.googleusercontent.com/VmMDXunCQJj5ipKbzR9ahFBatv3fZyLUQ5dAOECKI-iaa0NbkzbfPJgU8Ic2lUoyp5pKF15Hbk3FTx1gOCv7oRYhDVP-2fihBWw
https://dappradar.com/nft-collection/aux-arbres,Aux Arbres,$849.53,https://lh3.googleusercontent.com/iJSdPtVm1HQJpmjmRVLyPZeyW2OG4RoM8TfFMdSeVKlJsID9ghw7wdUQToW-9W0M6kFyV4HC6j6vjQ86zdGikYK68E-lYbUtTHvK
https://dappradar.com/nft-collection/base-onchain-daily,Base Onchain Daily,$837.64,https://static.dappradar.com/grc-public-assets/icons/NftDefaultIcon.svg
https://dappradar.com/nft-collection/caster-cats,Caster Cats,$831.12,https://lh3.googleusercontent.com/f2p--7VurNqeQNB4E-xTUXRLT5Nml_1WcfKcE6W76Xsb8YODGPjzUE34vjNWZAaUuzUiZIW3DwdLAeXHcaVyCWxkWJtY2Pq4ito
https://dappradar.com/nft-collection/spenge-gang,SPENGE GANG,$813.65,https://lh3.googleusercontent.com/r34kj2OTMaAntfJhKji54GUqL7A3GDml0ZaL3T8finaZR_Dcb5AjsYEUYCntHNQNQIvd7IXjM5nBySug2NFyvOht1Mx6qnB6Sw
https://dappradar.com/nft-collection/basefrens-1,BaseFrens,$780.5,https://lh3.googleusercontent.com/i4QmPsli7monNwyWB5Nx8yB6Fo2zPR0pE6GQjnGfs-5Y5zVmBSpbLuMlNPKCYXEe7YYrG0jJsupA9IhN3g2yYf20_K6zk-eUOL0
https://dappradar.com/nft-collection/ramin-nasibov,Ramin Nasibov,$770.67,https://lh3.googleusercontent.com/whmQWxMeyo2b6ZKZytqJZasizO-r1Z24EnD12pDK0KpjkfImpC0hghk023RhgOT-vlqAzKzQhs9nHtBb8RYfGSGsGPtYqhIhmfM
https://dappradar.com/nft-collection/summoningspirits,SummoningSpirits,$764.37,https://lh3.googleusercontent.com/7E1GULlV7OnTGUgaN7RUDhht5lgcBjCzuTjFAjJBnNKYyqGFwSN1VverEv13Fweccs8usMu2j_NPuH1dQhkWdBVFYFjRIZ6gNNQ
https://dappradar.com/nft-collection/prohibition-daily-subscription,Prohibition Daily Subscription,$762.08,https://lh3.googleusercontent.com/wO15xZHo5FAYuRwGrz-pVD2NtazDYrwV3LwwjJ6ctjeQq90kKEdLN0X8ASrzLJaP0_SMpZnq63tpev4HEgWCde4yk6bVWHGmnQ
https://dappradar.com/nft-collection/we-are-so-early-and-you-ve-already-made-it-this-far,"we are so early, and you’ve already made it this far",$762.05,https://lh3.googleusercontent.com/lu3d1uIg2Lhfz30kv7R6zb4wMnPkWJYgdgCX0cSQ_A4pOQj7jQs5Nj78FBOo_tIEh6uB022nIJ9lsuLTKtSEevr49ws2dr_QmOM
https://dappradar.com/nft-collection/da-squish,Da Squish,$760.17,https://lh3.googleusercontent.com/t6J6uSrAqiWKOyjEECiwW-KXcj9NI-2Vz7Xq1dZH8BB1c87tPBlnNtMnh2iGlBshwCP1798WOyJcmbqUkCwggV-3gCnp6Ih5bxwl
https://dappradar.com/nft-collection/based-street-chad-nft-collection,Based Street Chad NFT Collection,$736.06,https://lh3.googleusercontent.com/78_2c9-cjAbIhEvwcmXprN9EmdNkkKgkzdkVCtQFPO_2VlhYBu1SkiIwGspmHDQKDp6VYSlHLqOjP53sjBIqHYDyT24STYdaKA
https://dappradar.com/nft-collection/farcaster-dolphin,Farcaster: Dolphin,$726.13,https://nft-metaservice.dappradar.com/api/media/sales/chain/base/contract/0xddbec1867ab3bfc4df5ef2de5ff59015d3e419fa?isThumbnail=0
https://dappradar.com/nft-collection/the-swarm,The Swarm,$712.95,https://lh3.googleusercontent.com/ZQU93CKg41gRFGA0OxQMUK7cgPOv-MH7bpdvPbVUHQR6EHIEM3zk_ZMhmNY543xQBToirqpd5goaPyPfW4CftQDkgBoFvixXag
https://dappradar.com/nft-collection/based-up-dogs,Based Up Dogs,$707.54,https://lh3.googleusercontent.com/GezDpjdds8gwrfBKWCJBZLnXSl1PlO9dEuwelRRJJlvJlIMZ_5PAhZ_VqjaW6RalVkLV_lEmujZnBwSmYh4LB8ta7fegGy71cw