name,url
1n World,https://1n.world/
3D Nouns,https://3dnouns.com/
3D Printed Fashion,https://nouns.wtf/vote/26
Abstract Nouns,https://opensea.io/collection/abstract-nouns
AI Nouns,https://opensea.io/collection/ai-noun
AltNouns,https://opensea.io/collection/altnouns
Auction Bid Data,https://github.com/fiveoutofnine/misc-notebooks/tree/main/nouns-bids
Animated Nouns,https://opensea.io/collection/animated-nouns
Baby Nouns,https://opensea.io/collection/babynouns
Bitstrays,https://bitstrays.wtf/
Blitnoun,https://opensea.io/collection/blitnoun
BlockBirds,https://opensea.io/collection/blockbirds?search[sortAscending]=true&search[sortBy]=PRICE&search[stringTraits][0][name]=Collab&search[stringTraits][0][values][0]=Nouns
Blouns,https://blouns.gmi.sh/
Bored Ape Nouns,https://opensea.io/collection/banyc
Bored Noun Gang,https://opensea.io/collection/borednoungang
Brave Browser Takeover,https://twitter.com/punk4156/status/1455186180698423297
Bunnies,https://bunnies.wtf/
CeeFriends,https://opensea.io/collection/ceefriends
Coloring Book,https://nounsense.wtf/
Cookie Wrestler,https://nouns.com/game/cookie-wrestler
Crystal Ball,https://nouns-crystal-ball.netlify.app/
Deep Dream Nouns,https://opensea.io/collection/deepdreamnouns
Dev Carrot Stream,https://nounish.tv/
Discord Stickers,https://drive.google.com/drive/folders/14vlzqHtRSLaBCS78Z6psvkzi37UpwPjY
Dune Analytics,https://dune.com/hildobby/nouns
Dune Analytics II,https://dune.xyz/aaaaaaaaaa/NounsDAO
Facebook AR Filter,https://www.facebook.com/fbcameraeffects/tryit/2050002801834821/
Fast Food Nouns,https://opensea.io/collection/fast-food-nouns
Figma Plugin,https://www.figma.com/community/plugin/1045020359359636829/Nouns
Fine Art Nouns,https://opensea.io/collection/fineartnoun-collection
FloriNouns,https://www.florinouns.xyz/
Fomo Nouns,https://fomonouns.wtf/
FOODNOUNS,https://www.foodnouns.wtf/
Footy Nouns,https://www.footynouns.wtf/
Found Nouns,https://opensea.io/collection/found-nouns
GANoadz,https://opensea.io/collection/ganoadz
Glasses for Kids,https://nouns.wtf/vote/12
Glitched PokeNouns,https://opensea.io/collection/glitched-pokenouns
Gnars,https://gnars.wtf/
Governance Stats,https://www.tally.xyz/governance/eip155:1:0x6f3E6272A167e8AcCb32072d08E0957F9c79223d
Greta Mash-up Club,https://opensea.io/collection/greta-mash-up-club
Grinderz,https://gnars.fun/
Improper Nouns,https://opensea.io/collection/impropernouns
Instagram AR Filter,https://www.instagram.com/ar/2050002801834821/
Internouns,https://opensea.io/collection/internoun
Invisible Nouns,https://invisiblenouns.wtf/
iOS Stickers,https://apps.apple.com/us/app/nounish-stickers/id1606930723
Irregular Nouns,https://opensea.io/collection/irregular-nouns
Lil Nouns,https://lilnouns.wtf/
Lost Nouns,https://lostnouns.wtf/
Low Effort Nouns,https://loweffortnouns.com/
Luxury Sunglasses,https://twitter.com/SalvinoArmati
Matt Downey Shop,https://shop.mattdowney.co/
MetaNoun,https://opensea.io/collection/metanoun
Mixed Nouns,https://opensea.io/collection/mixed-nouns
Mural,https://twitter.com/anonartsoc/status/1492900020881813505
Nerman,https://twitter.com/NounsTweeter
Neural Nouns,https://opensea.io/collection/neural-nouns
Newsletter,https://nouns.substack.com/
NickNutts,https://opensea.io/collection/nick-nutts
Noadz,https://opensea.io/collection/noadz
Noggles,https://noggles.wtf/
Nounalytics,https://observablehq.com/@gitblamecarrot/nounalytics
Noun Domains,https://www.nouns.domains/
Noun Gan Study,https://opensea.io/collection/noun-gan
Noun GIF,https://opensea.io/collection/noun-gif
Noun O'Clock Bot,https://nounoclock.wtf/
Noun Punks,https://opensea.io/collection/nounpunks-eth
Nounals,https://opensea.io/collection/nounals
NounCats,https://nouncats.com/
NounCreepz,https://www.nouncreepz.com/
Noundles,https://opensea.io/collection/noundles/
Nounify,https://nounify.wtf/
Nounite,https://mirror.xyz/nounite.eth
Nounks,https://opensea.io/collection/nounks
Nounpacas,https://opensea.io/collection/noadz
NounRalph,https://cryptoralph.io/nounralph
NounsNation,https://nounsnation.com/
Nounspedia,https://nouns.com/nounspedia
Nounsmols,http://nounsmols.com/
NounsTown,https://nounstown.wtf/
NounsTown Shop,https://nounstown.shop/
NOUNWORKS,https://bigshottoyshop.com/collections/nouns
Nounzy,https://opensea.io/collection/nounzy
Noun 69 Song,https://www.youtube.com/watch?v=KrUdKqpqvCc
Noun Dust,https://noundust.wtf/
Noun Pics,https://noun.pics/
Noun Poems,https://www.barnesandnoble.com/w/noun-poems-margaret-corvid/1140880330
Noun Soup,https://nounsoup.wtf/
Noun Stats,https://observablehq.com/@nicola/nounstats
Nouneby's,https://nounebys.com/
Nounish Button,https://github.com/lilnounsDAO/nounishButton
NounProfiles,https://opensea.io/collection/nounprofiles
Nouns 3D,https://www.nouns3d.com/
Nouns Almanac,https://www.nouns.zone/
Nouns and BT21 Friends,https://opensea.io/collection/nouns-and-bt21-friends
Nouns App,https://nouns.wtf/vote/6
Nouns Atheletes,https://shred.wtf/
Nouns Auction Tracker,http://auctions.wtf/
Nouns Automations (Integromat & Zapier),https://verbs.notion.site/Nouns-Automations-using-Integromat-Zapier-7f3af840dc1d4a04b1d728f978c785b0
Nouns Center,https://nouns.center/
Nouns Comics,https://opensea.io/collection/nouns-comic
Nouns IRL,https://nounsirl.com/
Nouns Jump,https://nounsjump.wtf/
Nouns Love,https://nouns.love/
Nouns Mug,https://twitter.com/DivineOpus9/status/1485691681387294721
Nouns Need Names,https://nounsneednames.wtf/
Nouns O'Clock Calendar,https://verbs.notion.site/Nouns-Google-Calendar-c8314d548aed4aa1b841cb868b9ea0a8
Nouns Party,https://nouns.party/
Nouns POAP,https://nounspoap.com/
Nouns Revolution,https://opensea.io/collection/nouns-revolution
Nouns Space,https://nouns.space/
Nouns Stats,https://nounsstats.wtf/
Nouns Stories,https://nouns.wtf/vote/20
Nouns Upside Down,https://opensea.io/collection/nouns-upside-down
Nouns Vox,https://opensea.io/collection/voxelnouns
OnCyber Gallery,https://oncyber.io/nounishcc0
Phouns,https://phouns.wtf/
Pixel Sorting Nouns,https://opensea.io/collection/pixelsortnouns
Playing Cards,https://opensea.io/collection/noun-cards-animal
PokeNouns,https://opensea.io/collection/pokenouns
Rouns,https://opensea.io/collection/rouns-wtf
Sailing,https://twitter.com/wanuda5/status/1485568535514726401
Sculpture,https://twitter.com/GMI_Studio/status/1483633218414858241
Shiny Club,https://shiny.club/
Sidenoun,https://sidenoun.com/
Skelenouns,https://opensea.io/collection/snuon
Snapchat AR Filter,https://lens.snapchat.com/d1507087c8f5479f89a73464805f76cb
Snuon,https://opensea.io/collection/snuon
Sounds of Nouns,https://www.natemills.ca/sounds-of-nouns
SpecScapes,https://opensea.io/collection/specscapes
Splat Nouns,https://opensea.io/collection/splat-nouns
Stoned Nouns,https://stonednouns.com/
Studio1,https://www.studio1.wtf/
Synthetic Nouns,https://synthetic-nouns.herokuapp.com/
SZNouns,https://sznouns.wtf/
Terminal Dashboard,https://www.terminal.co/community/featured/nouns.wtf
The Boanez,https://opensea.io/collection/theboanez
The Boney Batz,https://opensea.io/collection/the-boney-batz
The Mouns,https://opensea.io/collection/themouns
The Noggle Factory,https://www.nogglefactory.wtf/
The Nouneys,https://thenouneys.com/
The Nouns Museum,https://www.cryptovoxels.com/parcels/4986
The Trapped Nouns,https://opensea.io/collection/the-trapped-nouns
This or That,https://want2bnoun.herokuapp.com/
Touns,https://opensea.io/collection/tounswtf
Twitter Bot,https://twitter.com/nouns_bot
Verbs,https://opensea.io/collection/verbs
Visualize Value,https://visualizevalue.com/collections/merch
Voadz,https://opensea.io/collection/voadz
Voadz Legos,https://twitter.com/thevoadz/status/1483702016631525383
Wizard Nouns,https://opensea.io/collection/wizardsnouns
Worldwide Webb Apt #8228,https://apartments.webb.game/builds/d48fc0d2/index.html
World Of Noun,https://www.worldofnoun.com/
XCOPY Nouns,https://opensea.io/collection/xcopynouns
YOLO Nouns,https://yolonouns.wtf/
