Name,Volume,Image
base,10000,https://pbs.twimg.com/profile_images/1729594296289173504/VFXjCIOn_400x400.jpg
frenpetonbase,10000,https://pbs.twimg.com/profile_images/1729289788543365121/5arlND5f_400x400.png
builderfi,10000,https://pbs.twimg.com/profile_images/1716917103872376832/m_uE75vH_400x400.jpg
TalentProtocol,10000,https://pbs.twimg.com/profile_images/1803796090002493440/tr_EDWrM_400x400.jpg
AerodromeFi,10000,https://pbs.twimg.com/profile_images/1691174347388399617/AnNwWdzS_400x400.jpg
backedfi,10000,https://pbs.twimg.com/profile_images/1673712551811588102/9_DVJOdK_400x400.jpg
echelonfnd,10000,https://pbs.twimg.com/profile_images/1661452346495324166/CJSxhzJf_400x400.jpg
degentokenbase,10000,https://pbs.twimg.com/profile_images/1751028059325501440/9jrvP_yG_400x400.jpg
cartesiproject,10000,https://pbs.twimg.com/profile_images/1680833512864370688/sba50CAW_400x400.jpg
Tea,162.0,https://images.thedapplist.com/prod/uploads/projects/image_1714661281189_tea.jpeg
ibc.fun,115.0,https://images.thedapplist.com/prod/uploads/projects/image_1714469530807_ibc-fun.png
OpenCover,115.0,https://images.thedapplist.com/prod/uploads/projects/image_1713884667779_open-cover.png
TIME Token Finance,132.0,https://images.thedapplist.com/prod/uploads/projects/image_1713359624847_time-token-finance.png
Seamless,246.0,https://images.thedapplist.com/prod/uploads/projects/image_1713330779247_seamless.jpeg
Amet Finance,154.0,https://images.thedapplist.com/prod/uploads/projects/image_1713292123593_amet-finance.jpeg
Astaria,185.0,https://images.thedapplist.com/prod/uploads/projects/image_1709117108699_astaria.jpeg
LayerZero,585.0,https://images.thedapplist.com/prod/uploads/projects/image_1709116925030_layer-zero.jpeg
InterSwap,145.0,https://images.thedapplist.com/prod/uploads/projects/image_1708926606368_inter-swap.png
Payflow,154.0,https://images.thedapplist.com/prod/uploads/projects/image_1708848330919_payflow.png
DAOSquare,111.0,https://images.thedapplist.com/prod/uploads/projects/image_1708561512201_dao-square.png
FortyTwo,114.0,https://images.thedapplist.com/prod/uploads/projects/image_1705914396234_forty-two.jpeg
UCF Finance,75.0,https://images.thedapplist.com/prod/uploads/projects/image_1705674839766_ucf-finance.png
Plena - Crypto Super App,173.0,https://images.thedapplist.com/prod/uploads/projects/image_1705655895166_plena-crypto-super-app.jpeg
Sparkfi,99.0,https://images.thedapplist.com/prod/uploads/projects/image_1702578116474_sparkfi.jpeg
Rubic,155.0,https://images.thedapplist.com/prod/uploads/projects/image_1701693577729_rubic.png
Kook,89.0,https://images.thedapplist.com/prod/uploads/projects/image_1699640456753_kook.png
ZeroDev,146.0,https://images.thedapplist.com/prod/uploads/projects/image_1698895184280_zero-dev.jpeg
Onthis,174.0,https://images.thedapplist.com/prod/uploads/projects/image_1714644834567_on-this.png
Flooz,189.0,https://images.thedapplist.com/prod/uploads/projects/image_1698243533973_flooz.png
Notum,279.0,https://images.thedapplist.com/prod/uploads/projects/image_1698222618735_notum.png
Loopcrypto,81.0,https://images.thedapplist.com/prod/uploads/projects/image_1697187889669_loopcrypto.jpeg
PoolTogether,74.0,https://images.thedapplist.com/dev/uploads/proposals/avatar_pool-together.png
Mozaic Finance,141.0,https://images.thedapplist.com/prod/uploads/projects/image_1696299337452_mozaic-finance.png
Bebop,242.0,https://images.thedapplist.com/prod/uploads/projects/image_1696181265037_bebop.png
Swoop Exchange,122.0,https://images.thedapplist.com/prod/uploads/projects/image_1708508219039_swoop-exchange.jpeg
BAS3D,95.0,https://images.thedapplist.com/prod/uploads/projects/image_1695469955248_bas-3-d.jpeg
Satellite,88.0,https://images.thedapplist.com/prod/uploads/projects/image_1695024926868_satellite.png
Pancake Swap,161.0,https://images.thedapplist.com/prod/uploads/projects/image_1694115549757_pancake-swap.png
PWNDAO,92.0,https://images.thedapplist.com/prod/uploads/projects/image_1693924634024_pwndao.png
ODOS protocol,110.0,https://images.thedapplist.com/prod/uploads/projects/image_1693612711889_odos-protocol.jpeg
Mellow Protocol,99.0,https://images.thedapplist.com/prod/uploads/projects/image_1692118796747_mellow-protocol.png
Moonwell,152.0,https://images.thedapplist.com/prod/uploads/projects/image_1691671124748_moonwell.png
Beam,165.0,https://images.thedapplist.com/prod/uploads/projects/image_1690731523011_beam.jpeg
Symbiosis,105.0,https://images.thedapplist.com/prod/uploads/projects/image_1686734894313_symbiosis.jpeg
Peanut Protocol,72.0,https://images.thedapplist.com/prod/uploads/projects/image_1685172323889_peanut-protocol.jpeg
CoinBrain,76.0,https://images.thedapplist.com/prod/uploads/projects/image_1678564528246_coin-brain.png
Jumper Exchange,730.0,https://images.thedapplist.com/prod/uploads/projects/image_1677762762676_jumper-exchange.jpeg
Mes Protocol,1727.0,https://images.thedapplist.com/prod/uploads/projects/image_1677482138496_mes-protocol.png
Portals.fi,75.0,https://images.thedapplist.com/prod/uploads/projects/image_1690198027249_portals-fi.png
Squid,54.0,https://images.thedapplist.com/prod/uploads/projects/image_1675245860155_squid.jpeg
Safe,51.0,https://images.thedapplist.com/prod/uploads/projects/image_1670235175517_safe.jpeg
Orbiter Finance,73.0,https://images.thedapplist.com/prod/uploads/projects/image_1665916984750_orbiter-finance.jpeg
aave,39.0,https://images.thedapplist.com/prod/uploads/projects/image_1687953701582_aave.jpeg
Compound,29.0,https://images.thedapplist.com/dev/uploads/proposals/avatar_compound-1.png
Volmex Finance,21.0,https://images.thedapplist.com/prod/uploads/projects/image_1691756518522_volmex-finance.jpeg
TimeSwap,31.0,https://images.thedapplist.com/dev/uploads/proposals/avatar_time-swap.jpeg
Gauntlet Network,23.0,https://images.thedapplist.com/prod/uploads/projects/image_1691754199024_gauntlet-network.png
Matcha,48.0,https://images.thedapplist.com/prod/uploads/projects/image_1685190779204_matcha.jpeg
Zapper,52.0,https://images.thedapplist.com/prod/uploads/projects/image_1670972233398_zapper-fi.jpeg
stargate,40.0,https://images.thedapplist.com/dev/uploads/proposals/avatar_stargate.png
curve,39.0,https://images.thedapplist.com/prod/uploads/projects/image_1697899234573_curve.jpeg
Via Protocol,20.0,https://images.thedapplist.com/prod/uploads/projects/image_1695191155921_via-protocol.jpeg
0x,27.0,https://images.thedapplist.com/prod/uploads/projects/image_1687953106793_0-x.jpeg
Pods,16.0,https://images.thedapplist.com/dev/uploads/proposals/avatar_pods.png
Zerion,64.0,https://images.thedapplist.com/prod/uploads/projects/image_1684494013207_zerion.jpeg
Uniswap,54.0,https://images.thedapplist.com/prod/uploads/projects/image_1681462282432_uniswap.jpeg
Balancer,25.0,https://images.thedapplist.com/dev/uploads/proposals/avatar_balancer-1.png
Beefy Finance,22.0,https://images.thedapplist.com/prod/uploads/projects/image_1710917184931_beefy-finance.jpeg
Izumi Finance,33.0,https://images.thedapplist.com/dev/uploads/proposals/avatar_izumi-finance.jpeg
QiDao,22.0,https://images.thedapplist.com/dev/uploads/proposals/avatar_qi-dao.png
Synapse Bridge,26.0,https://images.thedapplist.com/prod/uploads/projects/image_1689591026690_synapse-bridge.png
Harvest,14.0,https://images.thedapplist.com/prod/uploads/projects/image_1691754319271_harvest.png
Sablier,15.0,https://images.thedapplist.com/prod/uploads/projects/image_1691755508494_sablier.jpeg
OpenOcean,31.0,https://images.thedapplist.com/dev/uploads/proposals/avatar_open-ocean.png
deBridge,18.0,https://images.thedapplist.com/dev/uploads/proposals/avatar_de-bridge.png
Kyber Network,24.0,https://images.thedapplist.com/dev/uploads/proposals/avatar_kyber-network.png
Slingshot,20.0,https://images.thedapplist.com/dev/uploads/proposals/avatar_slingshot.jpeg
DODO,27.0,https://images.thedapplist.com/prod/uploads/projects/image_1688722939916_dodo.jpeg
sushiswap,33.0,https://images.thedapplist.com/prod/uploads/projects/image_1706782258402_sushiswap.png
Mean Finance,19.0,https://images.thedapplist.com/dev/uploads/proposals/avatar_mean-finance.png