Name,Image
coralorca,https://pbs.twimg.com/profile_images/1778754619663134720/_IIlUAMP_400x400.jpg
nounsdao,https://pbs.twimg.com/profile_images/1467601380567359498/oKcnQo_S_400x400.jpg
opensea,https://pbs.twimg.com/profile_images/1803918299677286400/d94fAqie_400x400.jpg
bitstrays,https://pbs.twimg.com/profile_images/1458026102576668673/uNf8ICwk_400x400.png
_forager,https://pbs.twimg.com/profile_images/1698874209210974208/Noza1o9Y_400x400.jpg
artismyweapon_,https://pbs.twimg.com/profile_images/1752925081922412544/w3LzkdVF_400x400.jpg
FootyNouns,https://pbs.twimg.com/profile_images/1458010239308111872/_IYkUPho_400x400.png
gnars_dao,https://pbs.twimg.com/profile_images/1617003488415997955/iif8YEhM_400x400.jpg
tallyxyz,https://pbs.twimg.com/profile_images/1775605991226114048/ugEDHK3O_400x400.jpg
SubNouns,https://pbs.twimg.com/profile_images/1507718342743924741/rGP79nRX_400x400.jpg
0xsvg,https://pbs.twimg.com/profile_images/1557342629297373184/GEgZirHq_400x400.jpg
punk4156,https://pbs.twimg.com/profile_images/1624088337739919372/U8o6lTFM_400x400.jpg
nermanbot,https://pbs.twimg.com/profile_images/1486520740144889856/2ygkyFR2_400x400.jpg
observablehq,https://pbs.twimg.com/profile_images/1098653373362888704/qq4vXsM7_400x400.png
NounCats,https://pbs.twimg.com/profile_images/1561129474741211137/GJoxsIYV_400x400.jpg
cryptoralphnft,https://pbs.twimg.com/profile_images/1792502358296887297/KlceKoE1_400x400.jpg
devloper_eth,https://pbs.twimg.com/profile_images/1488268335263490052/ohkLx6iG_400x400.jpg
NounsSpace,https://pbs.twimg.com/profile_images/1658607558217588739/BXiYKy2h_400x400.jpg
pbrianandj,https://pbs.twimg.com/profile_images/1598382612308844544/YSR3eWSk_400x400.jpg
ShinyCreator,https://pbs.twimg.com/profile_images/1656312275437854722/kWp8E9ga_400x400.png
jl2fa,https://pbs.twimg.com/profile_images/1582807527955251201/7jYlcRXV_400x400.jpg
thenouneys,https://pbs.twimg.com/profile_images/1556132818735996928/67dIbw4A_400x400.jpg
visualizevalue,https://pbs.twimg.com/profile_images/1640904466609192961/2P9gG_s5_400x400.jpg
yolonouns,https://pbs.twimg.com/profile_images/1546987058140512257/3iX64NyO_400x400.jpg
