name,url,title,twitter_link
3D Nouns,https://3dnouns.com/,3D Nouns,https://twitter.com/coralorca
3D Printed Fashion,https://nouns.wtf/vote/26,Nouns DAO,https://twitter.com/nounsdao
Abstract Nouns,https://opensea.io/collection/abstract-nouns,"OpenSea, the largest NFT marketplace",https://twitter.com/opensea
Bitstrays,https://bitstrays.wtf/,Bitstrays DAO,https://twitter.com/bitstrays
Figma Plugin,https://www.figma.com/community/plugin/1045020359359636829/Nouns,Nouns | Figma,https://twitter.com/intent/tweet?url=https://www.figma.com/community/plugin/1045020359359636829/nouns&text=Check%20out%20Nouns%20by%20sn0wberry%20on%20%40figma%3A
Fomo Nouns,https://fomonouns.wtf/,FOMO Nouns,https://twitter.com/_forager
FOODNOUNS,https://www.foodnouns.xyz/,FOODNOUNS DAO,https://twitter.com/artismyweapon_
Footy Nouns,https://www.footynouns.wtf/,Footy Nouns,https://twitter.com/FootyNouns
Glasses for Kids,https://nouns.wtf/vote/12,Nouns DAO,https://twitter.com/nounsdao
Gnars,https://gnars.wtf/,Gnars DAO,https://twitter.com/gnars_dao
Governance Stats,https://www.tally.xyz/governance/eip155:1:0x6f3E6272A167e8AcCb32072d08E0957F9c79223d,Tally | Nouns Dao,https://twitter.com/tallyxyz
Invisible Nouns,https://invisiblenouns.wtf/,Invisible Nouns,https://twitter.com/SubNouns
Lil Nouns,https://lilnouns.wtf/,Lil Nouns DAO,https://twitter.com/0xsvg
Lost Nouns,https://lostnouns.wtf/,Lost Nouns,https://twitter.com/punk4156/status/1400154938186031104?s=20
Newsletter,https://nouns.substack.com/,NounsDAO Newsletter | maty.eth | Substack,
Noggles,https://noggles.wtf/,Noggles for Nouns,https://twitter.com/nermanbot
Nounalytics,https://observablehq.com/@gitblamecarrot/nounalytics,Nounalytics / gitblamecarrot | Observable,https://twitter.com/observablehq
NounCats,https://nouncats.com/,Noun Cats,https://twitter.com/NounCats
Nounite,https://mirror.xyz/nounite.eth,nounite.eth,https://twitter.com/nounitexyz
NounRalph,https://cryptoralph.io/nounralph,NounRalph – CryptoRalph,https://twitter.com/cryptoralphnft
Noun Stats,https://observablehq.com/@nicola/nounstats,Nounstats / Nicola | Observable,https://twitter.com/observablehq
Nouns Auction Tracker,http://auctions.wtf/,Nouns Auction Tracker,
Nouns Center,https://nouns.center/,Nouns Center,https://twitter.com/nounsdao
Nouns Party,https://nouns.party/,Nouns Party,https://twitter.com/devloper_eth
Nouns Space,https://nouns.space/,NOUNS.SPACE - HOME,https://twitter.com/NounsSpace
Nouns Stats,https://nounsstats.wtf/,Nouns Stats!,https://twitter.com/pbrianandj
Nouns Stories,https://nouns.wtf/vote/20,Nouns DAO,https://twitter.com/nounsdao
Shiny Club,https://shiny.club/,Shiny Club,https://twitter.com/ShinyCreator
SZNouns,https://sznouns.wtf/,SZNouns DAO,https://twitter.com/jl2fa
The Nouneys,https://thenouneys.com/,The Nouneys - 690 Nounish characters from Matt Downey,https://twitter.com/thenouneys/
Visualize Value,https://visualizevalue.com/collections/merch,Merch – Visualize Value,https://twitter.com/visualizevalue
YOLO Nouns,https://yolonouns.wtf/,YOLO Nouns,https://twitter.com/yolonouns